,GENEPOS,GENEID,ALT,RNAID,RNACOORD,SIG
10,286841,DUP_gs_CNV_19_286841_307454,<CN2>,ENSG00000130726.6,59055836,1.0946574296010045e-99
13,293937,BI_GS_DEL1_B2_P2673_28,<CN0>,ENSG00000130726.6,59055836,4.0317246654094265e-22
14,293937,BI_GS_DEL1_B2_P2673_28,<CN0>,ENSG00000130726.6,59055836,4.0317246654094265e-22
18,323368,DUP_gs_CNV_19_323368_334484,<CN2>,ENSG00000130726.6,59055836,0.03587937011760617
19,323368,DUP_gs_CNV_19_323368_334484,<CN2>,ENSG00000130726.6,59055836,0.0061897035171277264
50,572192,DUP_gs_CNV_19_572192_582084,<CN2>,ENSG00000130726.6,59055836,2.2067305631996685e-09
96,767641,BI_GS_DEL1_B2_P2673_323,<CN0>,ENSG00000130726.6,59055836,5.293120851481469e-11
99,794878,DUP_gs_CNV_19_794878_807625,<CN0>,ENSG00000130726.6,59055836,0.002075390630128064
106,841514,ALU_umary_ALU_11855,<INS:ME:ALU>,ENSG00000130726.6,59055836,0.02608078090162755
111,873393,DUP_gs_CNV_19_873393_886368,<CN2>,ENSG00000130726.6,59055836,2.9722139593376804e-171
112,873393,DUP_gs_CNV_19_873393_886368,<CN2>,ENSG00000130726.6,59055836,2.84444544958424e-170
123,954978,DUP_gs_CNV_19_954978_967528,<CN0>,ENSG00000130726.6,59055836,4.680843503956737e-07
133,982574,DUP_gs_CNV_19_982574_993900,<CN2>,ENSG00000130726.6,59055836,1.0157372892169405e-10
137,996141,YL_CN_STU_3871,<CN0>,ENSG00000130726.6,59055836,2.8489071089076517e-113
138,1012554,DUP_uwash_chr19_1012554_1069136,<CN2>,ENSG00000130726.6,59055836,9.111313925095998e-14
146,1012802,DUP_gs_CNV_19_1012802_1022948,<CN2>,ENSG00000130726.6,59055836,0.01917197707601353
149,1101140,BI_GS_DEL1_B4_P2674_25,<CN0>,ENSG00000130726.6,59055836,4.645986397258833e-15
152,1134454,DEL_pindel_47970,C,ENSG00000130726.6,59055836,2.934749386680078e-10
154,1193957,BI_GS_DEL1_B1_P2674_83,<CN0>,ENSG00000130726.6,59055836,0.011243498703829017
157,1264453,DUP_uwash_chr19_1264453_1397378,<CN2>,ENSG00000130726.6,59055836,0.00043033159484516824
163,1273201,DUP_gs_CNV_19_1273201_1294780,<CN2>,ENSG00000130726.6,59055836,0.010444966733410358
172,1345155,BI_GS_DEL1_B1_P2674_141,<CN0>,ENSG00000130726.6,59055836,0.0015848285098015128
194,1510537,DUP_gs_CNV_19_1510537_1526936,<CN0>,ENSG00000130726.6,59055836,0.001500318151372332
198,1517992,SVA_umary_SVA_733,<INS:ME:SVA>,ENSG00000130726.6,59055836,3.315055600890916e-57
202,1530392,SVA_umary_SVA_734,<INS:ME:SVA>,ENSG00000130726.6,59055836,0.03999334250114587
204,1545136,BI_GS_DEL1_B1_P2674_259,<CN0>,ENSG00000130726.6,59055836,0.04026734854482889
211,1704712,BI_GS_DEL1_B2_P2674_509,<CN0>,ENSG00000130726.6,59055836,0.010335377447271137
216,1797502,BI_GS_DEL1_B3_P2674_18,<CN0>,ENSG00000130726.6,59055836,0.015422781307003329
224,1838097,SI_BD_16126,<CN0>,ENSG00000130726.6,59055836,8.282422118622965e-11
229,1922440,BI_GS_DEL1_B3_P2674_22,<CN0>,ENSG00000130726.6,59055836,0.022587228204049885
231,1948004,DUP_uwash_chr19_1948003_2041192,<CN2>,ENSG00000130726.6,59055836,2.6513417613585116e-11
234,1950305,BI_GS_DEL1_B4_P2674_173,<CN0>,ENSG00000130726.6,59055836,4.652974649287236e-06
240,1989079,DUP_gs_CNV_19_1989079_1999558,<CN2>,ENSG00000130726.6,59055836,1.2612753963487528e-10
242,1989079,DUP_gs_CNV_19_1989079_1999558,<CN2>,ENSG00000130726.6,59055836,0.0002793808365950415
255,2449946,SI_BD_16139,<CN0>,ENSG00000130726.6,59055836,0.009065947209451312
256,2449946,SI_BD_16139,<CN0>,ENSG00000130726.6,59055836,5.218465096127024e-06
259,2469769,BI_GS_DEL1_B3_P2675_13,<CN0>,ENSG00000130726.6,59055836,0.0016819336106482028
260,2469769,BI_GS_DEL1_B3_P2675_13,<CN0>,ENSG00000130726.6,59055836,0.00045289407089642097
263,2473332,BI_GS_DEL1_B1_P2675_230,<CN0>,ENSG00000130726.6,59055836,0.009026013378742441
268,2483709,UW_VH_15569,<CN0>,ENSG00000130726.6,59055836,0.02796450681916829
275,2502949,UW_VH_20788,<CN0>,ENSG00000130726.6,59055836,1.3716154997986692e-11
285,2670553,BI_GS_DEL1_B3_P2675_15,<CN0>,ENSG00000130726.6,59055836,0.0027309826081136465
287,2670553,BI_GS_DEL1_B3_P2675_15,<CN0>,ENSG00000130726.6,59055836,1.6189636456432033e-14
294,2683163,EM_DL_DEL45330,<CN0>,ENSG00000130726.6,59055836,4.167752045999614e-22
296,2683163,EM_DL_DEL45330,<CN0>,ENSG00000130726.6,59055836,0.00011250238974136275
299,2692178,BI_GS_DEL1_B3_P2675_17,<CN0>,ENSG00000130726.6,59055836,0.010405044465069475
303,2720375,DUP_gs_CNV_19_2720375_2727475,<CN0>,ENSG00000130726.6,59055836,0.012659728331542927
305,2720375,DUP_gs_CNV_19_2720375_2727475,<CN0>,ENSG00000130726.6,59055836,0.006367159238863457
320,2820753,UW_VH_14299,<CN0>,ENSG00000130726.6,59055836,0.0016768610366549894
327,2898989,UW_VH_21771,<CN0>,ENSG00000130726.6,59055836,0.0004422393781904554
340,2920978,ALU_umary_ALU_11858,<INS:ME:ALU>,ENSG00000130726.6,59055836,2.5723600508654655e-15
354,2992728,UW_VH_11130,<CN0>,ENSG00000130726.6,59055836,0.00016340615806012567
371,3081482,ALU_umary_ALU_11859,<INS:ME:ALU>,ENSG00000130726.6,59055836,1.6771926724172085e-08
373,3089173,UW_VH_20502,<CN0>,ENSG00000130726.6,59055836,1.6512283225643493e-08
388,3219422,YL_CN_STU_3929,<CN0>,ENSG00000130726.6,59055836,0.0007480182467043151
390,3306467,BI_GS_DEL1_B1_P2676_175,<CN0>,ENSG00000130726.6,59055836,5.758380190197864e-46
391,3306467,BI_GS_DEL1_B1_P2676_175,<CN0>,ENSG00000130726.6,59055836,7.569276031233737e-78
395,3334367,UW_VH_12753,<CN0>,ENSG00000130726.6,59055836,0.04507188353809985
397,3393623,BI_GS_DEL1_B3_P2676_19,<CN0>,ENSG00000130726.6,59055836,7.818995899091479e-20
399,3417942,ALU_umary_ALU_11860,<INS:ME:ALU>,ENSG00000130726.6,59055836,0.018069968104845784
404,3427091,EM_DL_DEL45405,<CN0>,ENSG00000130726.6,59055836,0.0005808189680892408
405,3512970,ALU_umary_ALU_11861,<INS:ME:ALU>,ENSG00000130726.6,59055836,0.0006502079787279927
407,3512970,ALU_umary_ALU_11861,<INS:ME:ALU>,ENSG00000130726.6,59055836,0.00905215112181232
414,3715862,BI_GS_DEL1_B2_P2676_430,<CN0>,ENSG00000130726.6,59055836,1.9638238890511772e-69
429,3789078,DUP_uwash_chr19_3789077_3847881,<CN2>,ENSG00000130726.6,59055836,0.04823773986273087
441,3816245,UW_VH_17123,<CN0>,ENSG00000130726.6,59055836,0.005264303544322833
463,3939294,UW_VH_3078,<CN0>,ENSG00000130726.6,59055836,2.5342499119813843e-19
464,3939294,UW_VH_3078,<CN0>,ENSG00000130726.6,59055836,0.0008291562265512538
465,3947030,UW_VH_6744,<CN0>,ENSG00000130726.6,59055836,4.464113165007239e-25
471,4083533,ALU_umary_ALU_11865,<INS:ME:ALU>,ENSG00000130726.6,59055836,9.518949905681948e-08
493,4275787,YL_CN_CEU_4820,<CN0>,ENSG00000130726.6,59055836,0.00816536809110222
495,4293100,UW_VH_12266,<CN0>,ENSG00000130726.6,59055836,1.8849632761921797e-09
504,4325337,BI_GS_DEL1_B4_P2677_50,<CN0>,ENSG00000130726.6,59055836,0.02183194714862171
510,4365365,DUP_gs_CNV_19_4365365_4390238,<CN2>,ENSG00000130726.6,59055836,4.931419149721882e-38
512,4365365,DUP_gs_CNV_19_4365365_4390238,<CN2>,ENSG00000130726.6,59055836,0.025671111231543624
514,4549131,BI_GS_DEL1_B1_P2677_262,<CN0>,ENSG00000130726.6,59055836,0.00010147434618425093
522,4572374,BI_GS_DEL1_B4_P2677_103,<CN0>,ENSG00000130726.6,59055836,6.530953720683358e-11
523,4572374,BI_GS_DEL1_B4_P2677_103,<CN0>,ENSG00000130726.6,59055836,0.04995030544929991
539,4740533,DEL_pindel_48052,G,ENSG00000130726.6,59055836,0.004263717150138804
544,4799000,BI_GS_DEL1_B4_P2677_137,<CN0>,ENSG00000130726.6,59055836,1.3078506897844417e-12
547,4808090,BI_GS_DEL1_B1_P2677_405,<CN0>,ENSG00000130726.6,59055836,0.008454425855090804
548,4808090,BI_GS_DEL1_B1_P2677_405,<CN0>,ENSG00000130726.6,59055836,1.659701527201847e-66
553,4844587,DEL_pindel_48057,A,ENSG00000130726.6,59055836,0.008578029258062938
557,4850475,YL_CN_ACB_4405,<CN0>,ENSG00000130726.6,59055836,9.705004206995635e-06
559,4865565,BI_GS_CNV_19_4865565_4870315,<CN0>,ENSG00000130726.6,59055836,1.7036793134820508e-46
568,4880118,BI_GS_DEL1_B5_P2677_511,<CN0>,ENSG00000130726.6,59055836,0.0009461624340120999
573,4974094,UW_VH_6838,<CN0>,ENSG00000130726.6,59055836,5.742534351235151e-06
593,5482834,UW_VH_18455,<CN0>,ENSG00000130726.6,59055836,5.898284489254725e-08
598,5558199,DUP_gs_CNV_19_5558199_5565511,<CN2>,ENSG00000130726.6,59055836,4.332233815411998e-48
611,5633549,DUP_gs_CNV_19_5633549_5637003,<CN2>,ENSG00000130726.6,59055836,4.66464496584432e-16
617,5657727,BI_GS_DEL1_B2_P2678_420,<CN0>,ENSG00000130726.6,59055836,3.0073942146658546e-14
622,5723008,BI_GS_DEL1_B4_P2678_148,<CN0>,ENSG00000130726.6,59055836,0.002800494986745587
628,5793970,UW_VH_21054,<CN0>,ENSG00000130726.6,59055836,1.730023786832251e-05
646,5871417,BI_GS_DEL1_B2_P2678_537,<CN0>,ENSG00000130726.6,59055836,3.536029705297615e-11
650,5882020,BI_GS_DEL1_B3_P2678_29,<CN0>,ENSG00000130726.6,59055836,0.03375577911089366
662,6189179,ALU_umary_ALU_11868,<INS:ME:ALU>,ENSG00000130726.6,59055836,0.03926891115236944
689,6377375,DUP_gs_CNV_19_6377375_6387684,<CN2>,ENSG00000130726.6,59055836,3.966473366469924e-07
700,6493810,DEL_pindel_48096,G,ENSG00000130726.6,59055836,1.7711114299022803e-79
702,6508417,UW_VH_2702,<CN0>,ENSG00000130726.6,59055836,0.025382356085685835
704,6508417,UW_VH_2702,<CN0>,ENSG00000130726.6,59055836,0.025382356085685835
705,6539088,BI_GS_DEL1_B1_P2679_339,<CN0>,ENSG00000130726.6,59055836,1.4778128826160112e-05
714,6657091,BI_GS_DEL1_B3_P2679_20,<CN0>,ENSG00000130726.6,59055836,0.029262025506912596
723,6803616,YL_CN_MSL_3555,<CN0>,ENSG00000130726.6,59055836,3.6344800234159785e-25
727,6858600,YL_CN_ACB_4408,<CN0>,ENSG00000130726.6,59055836,4.475281139775928e-25
736,6896412,DUP_uwash_chr19_6896412_7019812,<CN2>,ENSG00000130726.6,59055836,0.0013621302666805728
742,6938483,BI_GS_DEL1_B4_P2679_160,<CN0>,ENSG00000130726.6,59055836,1.0341865483242307e-20
750,6967745,BI_GS_DEL1_B3_P2679_31,<CN0>,ENSG00000130726.6,59055836,1.845610743622123e-120
751,6967745,BI_GS_DEL1_B3_P2679_31,<CN0>,ENSG00000130726.6,59055836,2.525501637363765e-13
777,7419562,DEL_pindel_48112,G,ENSG00000130726.6,59055836,0.019167857060678743
782,7424337,DEL_pindel_48113,G,ENSG00000130726.6,59055836,3.6461637979880416e-29
789,7536871,ALU_umary_ALU_11871,<INS:ME:ALU>,ENSG00000130726.6,59055836,0.0009208371753074844
795,7568221,BI_GS_DEL1_B3_P2680_16,<CN0>,ENSG00000130726.6,59055836,5.220557409006679e-09
797,7568221,BI_GS_DEL1_B3_P2680_16,<CN0>,ENSG00000130726.6,59055836,0.007482014392043868
800,7780547,UW_VH_6802,<CN0>,ENSG00000130726.6,59055836,0.0007794861352369062
801,7814782,BI_GS_DEL1_B3_P2680_24,<CN0>,ENSG00000130726.6,59055836,0.0025957167373556168
803,7814782,BI_GS_DEL1_B3_P2680_24,<CN0>,ENSG00000130726.6,59055836,8.178139859987593e-06
806,7818621,BI_GS_DEL1_B5_P2680_460,<CN0>,ENSG00000130726.6,59055836,0.004645104438893572
834,8104811,SI_BD_16252,<CN0>,ENSG00000130726.6,59055836,0.020949216793766802
841,8156968,BI_GS_DEL1_B2_P2681_97,<CN0>,ENSG00000130726.6,59055836,0.0001305727031768015
848,8196897,BI_GS_DEL1_B2_P2681_119,<CN0>,ENSG00000130726.6,59055836,5.100026326767158e-10
856,8229382,BI_GS_DEL1_B4_P2681_47,<CN0>,ENSG00000130726.6,59055836,1.0565663261340439e-16
861,8243036,UW_VH_2848,<CN0>,ENSG00000130726.6,59055836,0.030429876133345718
863,8243036,UW_VH_2848,<CN0>,ENSG00000130726.6,59055836,0.021594496661956085
871,8301154,DEL_pindel_48127,A,ENSG00000130726.6,59055836,5.6985686374198024e-08
876,8375502,UW_VH_6935,<CN0>,ENSG00000130726.6,59055836,0.008888593118719689
899,8663706,BI_GS_DEL1_B4_P2681_101,<CN0>,ENSG00000130726.6,59055836,2.9367108565734834e-05
900,8664272,BI_GS_DEL1_B4_P2681_102,<CN0>,ENSG00000130726.6,59055836,0.0005889016255468078
903,8738356,BI_GS_DEL1_B2_P2681_341,<CN0>,ENSG00000130726.6,59055836,0.005750903865661565
910,9009633,DUP_gs_CNV_19_9009633_9019841,<CN2>,ENSG00000130726.6,59055836,0.010426378491474202
939,9582886,ALU_umary_ALU_11873,<INS:ME:ALU>,ENSG00000130726.6,59055836,0.00712188684760112
941,9582886,ALU_umary_ALU_11873,<INS:ME:ALU>,ENSG00000130726.6,59055836,0.006103750845161386
948,9711235,YL_CN_ASW_4011,<CN0>,ENSG00000130726.6,59055836,8.165070931032469e-11
950,9711235,YL_CN_ASW_4011,<CN0>,ENSG00000130726.6,59055836,1.9065825734774044e-06
951,9717232,SVA_umary_SVA_737,<INS:ME:SVA>,ENSG00000130726.6,59055836,0.0019162044747176629
963,9926309,UW_VH_22949,<CN0>,ENSG00000130726.6,59055836,0.0076424503827941005
969,10034531,UW_VH_25028,<CN0>,ENSG00000130726.6,59055836,1.2022796754918353e-25
986,10261916,DEL_pindel_48216,T,ENSG00000130726.6,59055836,6.386982685838089e-05
987,10329720,SVA_umary_SVA_738,<INS:ME:SVA>,ENSG00000130726.6,59055836,1.6691888844291213e-114
989,10329720,SVA_umary_SVA_738,<INS:ME:SVA>,ENSG00000130726.6,59055836,1.7936750401663052e-10
994,10351505,BI_GS_DEL1_B4_P2683_79,<CN0>,ENSG00000130726.6,59055836,4.1601060157783884e-27
997,10391946,SI_BD_16288,<CN0>,ENSG00000130726.6,59055836,0.035415062641283385
1004,10485973,BI_GS_DEL1_B4_P2683_106,<CN0>,ENSG00000130726.6,59055836,5.751953034211157e-54
1011,10701298,BI_GS_DEL1_B3_P2683_14,<CN0>,ENSG00000130726.6,59055836,5.290597600500686e-32
1017,10818014,DEL_pindel_48235,G,ENSG00000130726.6,59055836,1.5093770539710028e-54
1018,10818014,DEL_pindel_48235,G,ENSG00000130726.6,59055836,6.756567427816375e-20
1025,10871864,UW_VH_15982,<CN0>,ENSG00000130726.6,59055836,0.005391739789275163
1031,10966191,YL_CN_CEU_4841,<CN0>,ENSG00000130726.6,59055836,8.178728891024089e-09
1040,11154160,DEL_pindel_48245,A,ENSG00000130726.6,59055836,5.139550883488632e-16
1071,11517418,UW_VH_4065,<CN0>,ENSG00000130726.6,59055836,0.03922511674002119
1082,11657898,DEL_pindel_48262,G,ENSG00000130726.6,59055836,0.032820280881248824
1085,11779829,BI_GS_DEL1_B2_P2684_392,<CN0>,ENSG00000130726.6,59055836,1.5595287173304413e-11
1126,12088759,BI_GS_DEL1_B4_P2685_10,<CN0>,ENSG00000130726.6,59055836,5.797016675972648e-14
1143,12209430,YL_CN_TSI_3868,<CN0>,ENSG00000130726.6,59055836,8.248100991050113e-05
1183,12660872,UW_VH_21760,<CN0>,ENSG00000130726.6,59055836,2.057735126839194e-05
1184,12660872,UW_VH_21760,<CN0>,ENSG00000130726.6,59055836,0.004777677598806911
1186,12671387,UW_VH_8049,<CN0>,ENSG00000130726.6,59055836,0.03460185355470191
1205,12933166,SI_BD_16320,<CN0>,ENSG00000130726.6,59055836,0.005914906102920356
1217,13094721,DUP_gs_CNV_19_13094721_13106101,<CN2>,ENSG00000130726.6,59055836,0.04051777042296141
1225,13307833,BI_GS_DEL1_B2_P2686_203,<CN0>,ENSG00000130726.6,59055836,0.01296849401869878
1232,13626197,BI_GS_DEL1_B5_P2686_547,<CN0>,ENSG00000130726.6,59055836,0.00036734294077416153
1233,13698371,SI_BD_16326,<CN0>,ENSG00000130726.6,59055836,0.00011390568929311765
1239,13750759,ALU_umary_ALU_11880,<INS:ME:ALU>,ENSG00000130726.6,59055836,3.387021575658694e-08
1242,13775665,BI_GS_DEL1_B1_P2686_534,<CN0>,ENSG00000130726.6,59055836,0.0002626067412731269
1243,13775665,BI_GS_DEL1_B1_P2686_534,<CN0>,ENSG00000130726.6,59055836,0.003145938111735894
1252,13820374,DEL_pindel_48313,T,ENSG00000130726.6,59055836,2.385032549171439e-46
1253,13820374,DEL_pindel_48313,T,ENSG00000130726.6,59055836,1.5755896770594704e-05
1259,13991784,BI_GS_DEL1_B3_P2686_28,<CN0>,ENSG00000130726.6,59055836,0.005313756478727395
1272,14199386,DEL_pindel_48327,T,ENSG00000130726.6,59055836,5.375635076390468e-83
1286,14437964,SI_BD_16333,<CN0>,ENSG00000130726.6,59055836,5.727900361909806e-15
1289,14472327,SI_BD_16334,<CN0>,ENSG00000130726.6,59055836,0.008529706743106727
1290,14476981,BI_GS_DEL1_B5_P2687_272,<CN0>,ENSG00000130726.6,59055836,0.03756885760324583
1294,14511540,UW_VH_8371,<CN0>,ENSG00000130726.6,59055836,0.044866364275955535
1299,14649853,UW_VH_21327,<CN0>,ENSG00000130726.6,59055836,0.01658412025167284
1304,14658830,BI_GS_DEL1_B3_P2687_14,<CN0>,ENSG00000130726.6,59055836,1.2186292856243163e-06
1310,14661029,BI_GS_DEL1_B4_P2687_115,<CN0>,ENSG00000130726.6,59055836,0.007523675693922324
1313,14679313,BI_GS_DEL1_B4_P2687_118,<CN0>,ENSG00000130726.6,59055836,0.024520007936437015
1378,15634479,DEL_pindel_48347,T,ENSG00000130726.6,59055836,0.04274112559135607
1392,15740856,NUMT_umich_68,<INS:MT>,ENSG00000130726.6,59055836,0.0007956610660003482
1393,15740856,NUMT_umich_68,<INS:MT>,ENSG00000130726.6,59055836,0.03225094960881115
1395,15750574,DEL_pindel_48354,G,ENSG00000130726.6,59055836,7.154035568015977e-10
1400,15757623,BI_GS_DEL1_B2_P2688_460,<CN0>,ENSG00000130726.6,59055836,0.006729893891207151
1402,15783118,DUP_gs_CNV_19_15783118_15836205,<CN2>,ENSG00000130726.6,59055836,4.5414560136542587e-10
1404,15810692,DEL_pindel_48356,T,ENSG00000130726.6,59055836,3.448780145868666e-06
1408,15856278,BI_GS_DEL1_B3_P2688_25,<CN0>,ENSG00000130726.6,59055836,4.959044791003535e-15
1411,15893251,UW_VH_9979,<CN0>,ENSG00000130726.6,59055836,7.524662630378475e-29
1424,16026440,BI_GS_DEL1_B4_P2689_6,<CN0>,ENSG00000130726.6,59055836,6.816237091222188e-05
1429,16078215,ALU_umary_ALU_11886,<INS:ME:ALU>,ENSG00000130726.6,59055836,1.129840348973338e-21
1437,16109630,BI_GS_DEL1_B3_P2689_4,<CN0>,ENSG00000130726.6,59055836,2.410001881639162e-22
1447,16252443,DUP_gs_CNV_19_16252443_16257576,<CN2>,ENSG00000130726.6,59055836,5.231989239852227e-07
1449,16260248,UW_VH_10970,<CN0>,ENSG00000130726.6,59055836,5.370347241563588e-14
1462,16486102,DEL_pindel_48370,G,ENSG00000130726.6,59055836,5.999304595421519e-40
1463,16486102,DEL_pindel_48370,G,ENSG00000130726.6,59055836,1.61242038094236e-21
1467,16561128,DEL_pindel_48373,T,ENSG00000130726.6,59055836,9.98949697931787e-106
1475,16598142,SVA_umary_SVA_742,<INS:ME:SVA>,ENSG00000130726.6,59055836,2.4735603761972067e-15
1497,16814757,YL_CN_MSL_3581,<CN0>,ENSG00000130726.6,59055836,1.1034788332028371e-13
1505,17059392,BI_GS_DEL1_B5_P2690_57,<CN0>,ENSG00000130726.6,59055836,1.233183328569628e-128
1509,17100870,UW_VH_11315,<CN0>,ENSG00000130726.6,59055836,1.1349163056373594e-05
1510,17100870,UW_VH_11315,<CN0>,ENSG00000130726.6,59055836,0.00038494873221558995
1512,17141632,BI_GS_DEL1_B5_P2690_124,<CN0>,ENSG00000130726.6,59055836,0.016279962061091176
1522,17190920,BI_GS_DEL1_B5_P2690_172,<CN0>,ENSG00000130726.6,59055836,0.023324729855256035
1536,17398053,BI_GS_DEL1_B3_P2690_10,<CN0>,ENSG00000130726.6,59055836,0.018561011474399702
1551,17611888,BI_GS_DEL1_B2_P2690_337,<CN0>,ENSG00000130726.6,59055836,0.00015150653884777178
1560,17660861,UW_VH_7097,<CN0>,ENSG00000130726.6,59055836,0.00024196606046782642
1561,17660861,UW_VH_7097,<CN0>,ENSG00000130726.6,59055836,1.3931196786204128e-30
1569,17995105,BI_GS_DEL1_B3_P2690_31,<CN0>,ENSG00000130726.6,59055836,1.5534337508408628e-22
1592,18205708,BI_GS_DEL1_B1_P2691_97,<CN0>,ENSG00000130726.6,59055836,0.00547996917856106
1600,18297313,BI_GS_DEL1_B5_P2691_202,<CN0>,ENSG00000130726.6,59055836,0.017244983553545156
1601,18297313,BI_GS_DEL1_B5_P2691_202,<CN0>,ENSG00000130726.6,59055836,9.421329992770443e-06
1604,18302930,DUP_gs_CNV_19_18302930_18311339,<CN0>,ENSG00000130726.6,59055836,0.002792832589152944
1605,18302930,DUP_gs_CNV_19_18302930_18311339,<CN2>,ENSG00000130726.6,59055836,0.0005024618808594502
1615,18455958,UW_VH_13605,<CN0>,ENSG00000130726.6,59055836,0.04473721272771175
1616,18455958,UW_VH_13605,<CN0>,ENSG00000130726.6,59055836,0.005596902573804886
1617,18566051,BI_GS_DEL1_B1_P2691_299,<CN0>,ENSG00000130726.6,59055836,2.5063044779735353e-59
1620,18580448,DUP_gs_CNV_19_18580448_18600934,<CN2>,ENSG00000130726.6,59055836,1.0187471158564813e-08
1638,18897018,BI_GS_DEL1_B1_P2691_505,<CN0>,ENSG00000130726.6,59055836,4.010748438362802e-07
1639,18897018,BI_GS_DEL1_B1_P2691_505,<CN0>,ENSG00000130726.6,59055836,0.0005544283109192548
1651,19410431,SI_BD_16386,<CN0>,ENSG00000130726.6,59055836,1.166070589286161e-16
1653,19432449,BI_GS_DEL1_B2_P2692_279,<CN0>,ENSG00000130726.6,59055836,1.6545080830783535e-69
1655,19432449,BI_GS_DEL1_B2_P2692_279,<CN0>,ENSG00000130726.6,59055836,1.865792840201757e-05
1657,19436758,YL_CN_GWD_5232,<CN0>,ENSG00000130726.6,59055836,2.68836431168949e-06
1660,19454338,ALU_umary_ALU_11889,<INS:ME:ALU>,ENSG00000130726.6,59055836,0.00011862120261248013
1692,19985453,DEL_pindel_48427,G,ENSG00000130726.6,59055836,0.0036653661610491343
1693,19985453,DEL_pindel_48427,G,ENSG00000130726.6,59055836,7.195474694713537e-19
